draw,sharpe,mean_ann_pct,alpha_FF5+MOM,t_FF5+MOM
0,-0.0642,-0.4923,0.0685,0.0346
1,-0.1682,-1.2622,-0.7754,-0.4211
2,-0.1005,-0.8391,-1.0546,-0.4657
3,0.0909,0.7621,2.6446,1.2695
4,-0.1517,-1.2673,-2.2062,-1.2018
5,-0.0036,-0.0300,0.1160,0.0561
6,0.0394,0.3009,-0.6443,-0.3628
7,0.0041,0.0306,-1.1117,-0.5323
8,-0.0165,-0.1296,1.3197,0.7078
9,-0.1692,-1.3044,-0.1715,-0.0952
10,0.1154,0.8894,1.5088,0.6421
11,-0.1756,-1.3440,-1.0469,-0.6215
12,-0.0911,-0.7291,-0.3533,-0.1678
13,0.2871,2.3034,2.7406,1.5775
14,0.1983,1.6361,1.4562,0.6705
15,-0.2899,-2.3273,-2.7969,-1.2203
16,0.0254,0.1976,0.3590,0.1916
17,-0.0860,-0.6647,-0.6097,-0.3105
18,-0.5756,-4.6331,-3.7160,-1.5444
19,0.2517,2.0430,2.0143,0.8999
20,0.2228,1.7955,1.4126,0.6970
21,0.0858,0.6823,-1.0763,-0.7000
22,0.3956,2.9037,4.5635,2.3416
23,0.1513,1.1950,-0.3760,-0.1731
24,0.1171,0.9430,-0.0672,-0.0300
25,-0.5087,-4.7163,-4.8827,-2.2958
26,0.0692,0.5366,1.0667,0.5230
27,0.0335,0.2919,-0.5081,-0.2127
28,0.0643,0.6180,0.2636,0.1380
29,0.3239,2.7900,1.3261,0.7196
30,0.3011,2.3754,1.3158,0.6923
31,0.0268,0.1785,-0.3370,-0.2143
32,0.1065,0.8725,1.9529,0.9422
33,-0.0394,-0.2975,0.0307,0.0190
34,0.3632,2.9436,3.4787,1.6884
35,0.2768,2.4800,2.8105,1.2889
36,0.0279,0.2507,0.6103,0.2855
37,-0.1152,-0.9022,-0.3846,-0.2268
38,0.2179,1.7716,-0.6121,-0.3680
39,-0.3084,-2.4470,-1.3157,-0.7057
40,-0.4365,-4.0065,-4.9059,-1.7721
41,-0.1877,-1.4411,-0.7719,-0.4039
42,0.1021,0.9247,0.8995,0.4932
43,0.2144,1.6931,3.2305,1.7921
44,0.3868,3.0151,4.0730,2.3512
45,0.3962,2.8918,3.7701,2.0808
46,-0.2681,-2.0471,-1.0457,-0.5704
47,0.4747,3.3791,3.0843,1.3706
48,-0.2518,-1.8340,-2.1685,-1.1673
49,0.3197,2.4411,1.5289,0.8454
50,0.2438,1.7415,1.7866,0.9064
51,-0.2981,-2.0975,-0.7072,-0.4033
52,-0.0208,-0.1829,-0.4974,-0.1837
53,-0.0183,-0.1334,0.3237,0.1675
54,-0.2335,-1.9663,-2.3559,-1.0500
55,-0.1304,-0.9621,-1.9754,-1.1493
56,-0.3222,-2.5986,-3.0934,-1.4882
57,0.1525,1.1393,0.9971,0.5977
58,-0.3218,-2.8897,-3.0915,-1.4236
59,0.3471,2.7858,2.1301,1.0505
60,0.4506,3.0778,3.2663,1.9245
61,-0.0923,-0.6387,-0.5424,-0.2905
62,-0.0321,-0.2696,-0.0962,-0.0430
63,-0.2359,-1.8675,-0.8059,-0.4580
64,0.1038,0.9251,1.3417,0.6324
65,0.2527,2.1002,0.8015,0.3807
66,-0.3122,-2.3621,-2.0643,-1.1893
67,0.2465,2.0765,2.4051,1.0460
68,0.1590,1.2942,0.0080,0.0040
69,-0.4910,-3.5326,-4.6663,-2.4950
70,-0.1708,-1.3792,-1.1965,-0.5249
71,-0.0314,-0.2472,0.6093,0.3108
72,-0.0065,-0.0493,-0.4474,-0.2563
73,0.2453,1.8474,0.7910,0.4007
74,-0.0996,-0.7286,0.7873,0.4211
75,0.0050,0.0373,-0.1649,-0.1062
76,0.0237,0.2159,1.2065,0.5466
77,-0.0361,-0.3459,0.1719,0.0917
78,0.1532,1.2558,2.2589,1.0806
79,0.2074,1.7755,-0.2198,-0.1114
80,0.0493,0.3807,0.3209,0.1730
81,-0.0557,-0.4521,-0.9690,-0.4817
82,-0.0067,-0.0533,-0.3628,-0.2095
83,0.4121,3.2111,3.8779,2.0766
84,-0.0416,-0.3061,0.2002,0.1216
85,0.2530,2.2176,0.9385,0.4791
86,-0.1754,-1.4098,-0.8896,-0.5022
87,0.1821,1.4476,1.1885,0.6195
88,0.2976,2.1761,1.4658,0.8707
89,0.5721,4.4888,4.6113,2.5844
90,0.0044,0.0361,0.3984,0.1805
91,0.1508,1.1922,0.2501,0.1277
92,-0.0165,-0.1232,-0.1847,-0.0960
93,0.2435,2.0294,2.2808,1.1059
94,-0.1519,-1.1569,-0.6134,-0.3462
95,-0.1144,-0.9647,0.1889,0.0883
96,-0.5828,-4.4910,-5.3280,-2.5421
97,0.0264,0.1863,0.5279,0.2829
98,-0.0284,-0.2162,0.7524,0.3531
99,-0.4023,-2.7717,-1.6180,-0.9022
100,0.0717,0.5562,0.8204,0.3354
101,-0.2875,-2.3347,-1.7912,-0.8430
102,-0.0465,-0.4395,0.4348,0.1789
103,-0.4213,-3.3553,-3.2226,-1.6628
104,-0.1108,-0.9904,-0.0093,-0.0040
105,-0.0464,-0.3390,-0.3882,-0.2541
106,-0.0973,-0.7590,-0.7590,-0.3910
107,-0.0862,-0.6584,0.3435,0.1622
108,-0.0601,-0.4309,-1.1259,-0.6477
109,-0.0896,-0.8219,-1.0352,-0.4238
110,-0.1480,-1.1393,-0.4635,-0.2515
111,0.2518,2.0339,0.4306,0.2426
112,0.0004,0.0035,-0.4008,-0.1818
113,-0.0116,-0.0883,0.2871,0.1578
114,0.1677,1.2223,0.4871,0.2919
115,0.2780,2.2920,1.0341,0.4133
116,-0.2204,-1.6882,-1.6053,-0.7947
117,0.0604,0.4428,0.8625,0.4962
118,0.4826,3.4351,3.8273,2.3113
119,-0.1461,-1.2190,-0.7376,-0.4045
120,0.1254,0.8450,0.4563,0.2589
121,-0.1926,-1.5033,-1.4937,-0.8551
122,-0.3043,-2.0235,-1.0356,-0.6964
123,-0.1306,-0.9723,0.8455,0.4814
124,-0.0317,-0.2720,-0.6082,-0.3027
125,0.0423,0.3387,0.6296,0.3684
126,-0.1592,-1.4427,-0.8158,-0.3880
127,-0.1589,-1.2981,-1.0547,-0.5262
128,-0.0943,-0.7950,-2.1369,-1.0202
129,-0.0254,-0.2339,1.5192,0.7005
130,-0.1461,-1.0991,-0.3460,-0.1984
131,-0.1042,-0.8550,0.2254,0.1335
132,-0.0307,-0.2639,-0.5073,-0.2653
133,-0.0906,-0.7524,0.1012,0.0565
134,-0.0672,-0.5422,0.2841,0.1349
135,-0.0068,-0.0567,0.8261,0.3821
136,0.1607,1.2457,1.2128,0.7156
137,-0.3134,-2.5088,-2.8830,-1.4518
138,0.4083,3.5649,4.1107,1.4244
139,0.3234,2.3117,2.8279,1.5841
140,0.1744,1.3991,0.4498,0.2443
141,-0.1158,-0.8961,-1.0393,-0.5042
142,-0.1385,-1.2154,-2.8004,-1.2146
143,-0.1565,-1.2005,-0.1313,-0.0645
144,-0.2571,-2.2196,-2.4940,-1.2424
145,0.4146,3.6822,1.9598,1.1166
146,0.1064,0.7464,1.8465,1.0986
147,0.2677,2.1165,1.9965,1.1520
148,-0.2007,-1.5624,-0.0409,-0.0213
149,0.0101,0.0879,-0.5580,-0.2814
150,-0.3343,-3.3178,-2.6353,-1.2671
151,0.1296,0.9495,1.6233,0.9981
152,0.2466,2.1443,1.4959,0.7728
153,0.1388,1.2307,2.4199,1.1060
154,-0.3213,-2.3579,-3.5724,-1.6595
155,0.0168,0.1363,-0.4908,-0.2971
156,0.1900,1.4107,0.4082,0.2577
157,0.3035,2.2919,1.8650,0.9575
158,-0.1323,-1.0780,-0.9565,-0.4995
159,0.2699,1.8710,0.4619,0.2858
160,-0.0779,-0.5770,-0.6734,-0.3914
161,0.0190,0.1494,-0.1891,-0.1075
162,-0.2919,-2.6883,-2.3589,-1.0944
163,-0.1352,-1.0252,-1.2265,-0.6518
164,-0.0064,-0.0514,0.6072,0.2930
165,-0.3194,-2.6097,-2.6446,-1.3039
166,0.2059,1.6240,2.1783,1.1293
167,-0.0571,-0.4544,-1.7279,-1.0110
168,-0.3868,-3.0358,-1.5921,-0.8729
169,-0.3476,-2.3580,-3.3411,-2.0173
170,0.3422,2.6047,0.8044,0.4873
171,0.0154,0.1245,-0.2269,-0.1030
172,-0.1199,-0.8925,-0.2484,-0.1076
173,-0.2080,-1.6337,-2.5648,-1.1869
174,-0.4562,-3.4809,-3.4438,-2.1308
175,-0.4741,-3.5788,-2.6068,-1.4159
176,0.2823,2.2538,1.0479,0.6286
177,0.1036,0.7956,0.1875,0.1163
178,-0.1452,-1.1885,-1.2396,-0.6778
179,0.3627,2.6344,0.5104,0.3129
180,0.2182,1.5440,2.5997,1.4705
181,-0.1567,-1.2717,-1.8058,-0.9691
182,0.4206,3.4646,3.6697,1.5806
183,0.1333,1.0776,1.0302,0.5402
184,0.3500,2.9131,2.7443,1.3906
185,0.2263,1.7462,1.2154,0.6745
186,-0.5957,-5.0097,-6.6343,-3.4459
187,0.1264,1.0154,1.6627,0.8863
188,-0.7673,-5.9236,-4.0726,-1.9856
189,-0.3484,-2.8953,-3.5692,-1.7364
190,0.3995,3.1954,4.1113,1.9690
191,0.4408,3.6096,3.5833,1.8029
192,0.3961,3.1037,3.4376,1.8754
193,-0.2091,-1.4267,-0.5929,-0.4357
194,-0.4706,-3.7545,-3.4266,-1.8342
195,0.2352,1.8541,1.3998,0.6500
196,0.0769,0.6520,-0.7298,-0.3583
197,-0.1481,-1.1846,-1.4032,-0.6894
198,-0.1561,-1.2609,-0.1058,-0.0588
199,-0.4233,-3.6189,-4.3793,-1.9397
