variant,measure,section,n_quantiles,lag_months,n_months,mean_ann_pct,vol_ann_pct,sharpe,t_mean_nw,max_drawdown_pct,hit_rate,alpha_FF5+MOM,t_FF5+MOM,sharpe_net,sharpe_common_sample
cos_full|q3|lag0,cos,full,3,0,214,-2.2486,7.3825,-0.3046,-1.0147,-45.0830,0.5047,-3.0183,-1.2732,-0.3402,-0.1029
cos_full|q3|lag1,cos,full,3,1,213,-1.5881,7.0773,-0.2244,-0.8059,-32.6004,0.5164,-2.4051,-1.0972,-0.2620,-0.0457
cos_full|q3|lag2,cos,full,3,2,212,-0.6253,6.1134,-0.1023,-0.4408,-26.9357,0.5047,-1.2566,-0.8766,-0.1461,-0.0574
cos_full|q5|lag0,cos,full,5,0,211,-0.9197,8.4565,-0.1088,-0.4442,-33.0983,0.5213,-0.9309,-0.4853,-0.1457,-0.0607
cos_full|q5|lag1,cos,full,5,1,210,0.7655,7.7532,0.0987,0.4387,-21.7560,0.5190,0.7715,0.4559,0.0574,0.1004
cos_full|q5|lag2,cos,full,5,2,209,1.0450,7.1717,0.1457,0.6966,-25.8904,0.5072,0.8900,0.5849,0.1006,0.0778
cos_full|q10|lag0,cos,full,10,0,211,2.2338,11.3623,0.1966,0.8959,-27.9953,0.5166,0.8876,0.3333,0.1616,0.3091
cos_full|q10|lag1,cos,full,10,1,210,3.4213,10.5129,0.3254,1.5628,-26.2074,0.5286,2.2694,0.9689,0.2877,0.3749
cos_full|q10|lag2,cos,full,10,2,209,4.1907,9.7141,0.4314,1.9299,-32.1441,0.5167,3.0264,1.3398,0.3900,0.3826
cos_1a|q3|lag0,cos,1a,3,0,212,1.3488,7.7456,0.1741,0.7460,-27.8795,0.5330,1.0135,0.6325,0.1417,0.2774
cos_1a|q3|lag1,cos,1a,3,1,211,0.6552,7.7651,0.0844,0.3383,-20.9107,0.5355,0.1915,0.1099,0.0521,0.2614
cos_1a|q3|lag2,cos,1a,3,2,210,1.5592,6.9876,0.2231,0.9579,-21.7948,0.5286,0.9790,0.6909,0.1869,0.2742
cos_1a|q5|lag0,cos,1a,5,0,211,2.8396,9.0428,0.3140,1.2070,-29.0150,0.5261,2.4551,1.2674,0.2817,0.4009
cos_1a|q5|lag1,cos,1a,5,1,210,3.4046,8.8872,0.3831,1.4745,-28.7177,0.5476,3.1224,1.6036,0.3503,0.4342
cos_1a|q5|lag2,cos,1a,5,2,209,3.6185,8.4526,0.4281,1.6177,-30.3898,0.5502,3.1696,1.7019,0.3933,0.4929
cos_1a|q10|lag0,cos,1a,10,0,211,4.0761,13.3200,0.3060,1.1804,-38.5345,0.5024,3.3950,1.1572,0.2808,0.4499
cos_1a|q10|lag1,cos,1a,10,1,210,3.9143,13.0126,0.3008,1.1410,-41.3234,0.4952,3.3208,1.0945,0.2749,0.4243
cos_1a|q10|lag2,cos,1a,10,2,209,5.2528,12.9385,0.4060,1.4864,-41.3628,0.5311,4.3016,1.3450,0.3798,0.5359
cos_7|q3|lag0,cos,7,3,0,212,-2.4324,7.7699,-0.3130,-1.2047,-42.4892,0.4764,-1.3398,-0.6719,-0.3479,-0.2789
cos_7|q3|lag1,cos,7,3,1,211,-2.3853,7.5437,-0.3162,-1.2425,-36.7464,0.4882,-1.5935,-0.8517,-0.3530,-0.2570
cos_7|q3|lag2,cos,7,3,2,210,-1.8995,7.3480,-0.2585,-1.0285,-38.3185,0.4810,-1.5783,-0.8516,-0.2960,-0.2403
cos_7|q5|lag0,cos,7,5,0,211,-5.9092,10.8761,-0.5433,-1.9234,-65.0197,0.4408,-4.7180,-1.6288,-0.5696,-0.4535
cos_7|q5|lag1,cos,7,5,1,210,-5.9050,10.4970,-0.5625,-2.0766,-64.7857,0.4143,-4.6099,-1.6931,-0.5910,-0.4900
cos_7|q5|lag2,cos,7,5,2,209,-5.4285,9.8869,-0.5491,-2.0118,-66.6261,0.4258,-4.1097,-1.5866,-0.5788,-0.5254
cos_7|q10|lag0,cos,7,10,0,209,-6.6497,15.6740,-0.4243,-1.5167,-70.5327,0.4928,-5.2395,-1.2781,-0.4427,-0.2950
cos_7|q10|lag1,cos,7,10,1,208,-6.7944,15.6273,-0.4348,-1.7147,-70.6012,0.4423,-5.2400,-1.4023,-0.4540,-0.3695
cos_7|q10|lag2,cos,7,10,2,207,-5.1042,15.1542,-0.3368,-1.3690,-65.4647,0.4831,-3.2623,-0.8910,-0.3564,-0.3240
jac_full|q3|lag0,jac,full,3,0,214,-0.6938,8.2261,-0.0843,-0.2978,-32.8093,0.5374,-0.7884,-0.3425,-0.1138,0.1611
jac_full|q3|lag1,jac,full,3,1,213,-0.2305,7.7927,-0.0296,-0.1059,-27.4251,0.5399,-0.5251,-0.2340,-0.0609,0.2044
jac_full|q3|lag2,jac,full,3,2,212,1.1545,7.1462,0.1616,0.6837,-20.5989,0.5142,0.8364,0.5023,0.1268,0.3043
jac_full|q5|lag0,jac,full,5,0,211,-0.5493,9.2020,-0.0597,-0.2190,-31.1421,0.5498,0.2088,0.0982,-0.0923,0.1149
jac_full|q5|lag1,jac,full,5,1,210,-0.0055,8.4936,-0.0006,-0.0026,-32.9126,0.5095,0.5589,0.2879,-0.0363,0.1043
jac_full|q5|lag2,jac,full,5,2,209,-0.0256,7.8176,-0.0033,-0.0141,-31.0399,0.5311,0.0977,0.0543,-0.0422,0.0534
jac_full|q10|lag0,jac,full,10,0,209,-0.5334,10.6372,-0.0501,-0.2048,-44.6343,0.5024,1.2376,0.5551,-0.0847,0.0179
jac_full|q10|lag1,jac,full,10,1,208,-0.5637,10.3156,-0.0546,-0.2405,-36.3296,0.5048,0.6799,0.2932,-0.0901,-0.0026
jac_full|q10|lag2,jac,full,10,2,207,-0.5053,9.9488,-0.0508,-0.2296,-38.7903,0.5072,0.2808,0.1181,-0.0879,-0.0428
jac_1a|q3|lag0,jac,1a,3,0,212,-2.0735,6.7969,-0.3051,-1.2348,-33.4975,0.4858,-2.4629,-1.5007,-0.3403,-0.2060
jac_1a|q3|lag1,jac,1a,3,1,211,-2.1141,7.1670,-0.2950,-1.1539,-27.2455,0.4597,-2.1833,-1.2543,-0.3286,-0.1679
jac_1a|q3|lag2,jac,1a,3,2,210,-1.6345,6.6944,-0.2442,-1.0512,-24.1754,0.4476,-1.8238,-1.1680,-0.2806,-0.1523
jac_1a|q5|lag0,jac,1a,5,0,211,-0.0455,9.0427,-0.0050,-0.0211,-35.5327,0.5213,-0.0093,-0.0043,-0.0382,0.0401
jac_1a|q5|lag1,jac,1a,5,1,210,0.3121,8.5964,0.0363,0.1539,-38.0233,0.5048,0.4877,0.2321,0.0011,0.0272
jac_1a|q5|lag2,jac,1a,5,2,209,0.5212,8.4646,0.0616,0.2573,-35.3551,0.5072,0.4441,0.2084,0.0256,0.0722
jac_1a|q10|lag0,jac,1a,10,0,211,-1.9040,11.2129,-0.1698,-0.7144,-41.8987,0.5308,-1.0727,-0.4627,-0.2031,-0.1297
jac_1a|q10|lag1,jac,1a,10,1,210,-1.0997,11.1474,-0.0987,-0.3989,-43.1508,0.5190,-0.0712,-0.0278,-0.1328,-0.1097
jac_1a|q10|lag2,jac,1a,10,2,209,-1.9249,11.0017,-0.1750,-0.7329,-52.0718,0.4833,-0.9044,-0.3699,-0.2097,-0.1761
jac_7|q3|lag0,jac,7,3,0,214,-6.0423,9.5421,-0.6332,-2.1425,-68.8538,0.4346,-5.9243,-2.1310,-0.6577,-0.4976
jac_7|q3|lag1,jac,7,3,1,213,-6.1209,9.3796,-0.6526,-2.2221,-67.1844,0.4554,-6.4453,-2.2639,-0.6786,-0.5442
jac_7|q3|lag2,jac,7,3,2,212,-4.8856,8.7886,-0.5559,-2.0341,-62.4311,0.4481,-5.1456,-1.9897,-0.5840,-0.5318
jac_7|q5|lag0,jac,7,5,0,214,-10.0212,12.1181,-0.8270,-2.7410,-84.8045,0.4112,-9.2727,-2.5740,-0.8498,-0.6975
jac_7|q5|lag1,jac,7,5,1,213,-9.0965,12.1596,-0.7481,-2.5391,-79.9974,0.4319,-8.9109,-2.4147,-0.7718,-0.6726
jac_7|q5|lag2,jac,7,5,2,212,-7.3841,11.3134,-0.6527,-2.4101,-74.0260,0.4340,-7.0568,-2.1451,-0.6784,-0.6526
jac_7|q10|lag0,jac,7,10,0,211,-11.9471,16.0153,-0.7460,-2.4684,-88.0600,0.4218,-10.0097,-2.3486,-0.7654,-0.6187
jac_7|q10|lag1,jac,7,10,1,210,-10.4178,15.4540,-0.6741,-2.4978,-84.5894,0.4095,-9.3050,-2.3508,-0.6951,-0.5912
jac_7|q10|lag2,jac,7,10,2,209,-8.7140,15.0729,-0.5781,-2.2270,-81.2889,0.4211,-7.9449,-2.0555,-0.5986,-0.5463
